{
  "best_epoch": 50,
  "best_val_acc": 0.40044994375703036,
  "val_acc": 0.40044994375703036,
  "test_acc": 0.3213885778275476
}