{
  "val_acc": 0.42069741282339707,
  "test_acc": 0.3583426651735722,
  "feature_dim": 512
}